파일명,OCR필요,PDF유형,신뢰도,전체페이지,텍스트페이지,이미지페이지,Producer,Producer유형,스캔점수,평균텍스트
28691_2024하합100779 자산환가포기공고.pdf,False,mixed,0.70,2,1,2,"NesPDF",document_software,5,84
29008_창원지방법원 2024하단10459 파산재단자산(주식) 매각 공고문 및 입찰서.pdf,False,text,0.90,8,8,0,"",unknown,5,732
28732_2025하합180 자산(노트북 등) 매각 공고.pdf,False,text,0.80,10,10,2,"Microsoft® Word 2019",document_software,5,683
28726_2025하합252 유형자산매각공고.pdf,False,text,0.80,7,7,2,"Hancom PDF 1.3.0.550",document_software,5,620
28708_2025하합164 자산 매각 공고(제품 및 기계장치).pdf,False,text,0.90,10,10,0,"Microsoft: Print To PDF",document_software,5,621
28629_인천지방법원 2024하합86 지식재산권 매각공고(안) 등.pdf,False,mixed,0.70,18,12,9,"",unknown,20,312
28817_의정부지방법원 2024하합1122 유형자산 매각 및 포기공고.pdf,True,scanned,0.90,34,0,34,"",unknown,95,0
28572_2024하합101227 게임저작물 등 일괄공개매각공고2.pdf,False,text,0.90,8,8,0,"Hancom PDF 1.3.0.538",document_software,5,726
28842_2025하합382 기계장치 매각공고.pdf,True,scanned,0.90,11,0,11,"SINDOH D420",scanner,100,0
28784_2025하합245  자산포기안내서.pdf,False,text,0.90,2,2,0,"Hancom PDF 1.3.0.538",document_software,5,751
28768_인천지방법원 2024하합70 지적재산권 매각 공고등 신청서.pdf,False,text,0.90,6,6,0,"",unknown,5,514
28695_(주)파인테이블 - 특허권 매각 공고문.pdf,False,mixed,0.70,8,5,3,"Hancom PDF 1.3.0.538",document_software,5,423
28944_2025하합247 자산 매각 공고.pdf,False,text,0.80,9,7,3,"Microsoft: Print To PDF",document_software,5,632
28666_2025하합300 자산 매각 공고(비품 및 제품).pdf,False,text,0.90,10,10,0,"itext-paulo-155 (itextpdf.sf.net-lowagie.com)",document_software,5,1753
28939_2024하합100579 집기비품 일괄공개매각공고.pdf,False,text,0.80,9,9,1,"Hancom PDF 1.3.0.538",document_software,5,714
28689_2024하합101136 특허권 등 매각 공고(부가테크놀로지).pdf,False,text,0.80,6,6,3,"Hancom PDF 1.3.0.509",document_software,5,649
28925_2025하합157 자산 매각 공고.pdf,False,mixed,0.70,9,9,5,"Hancom PDF 1.3.0.404",document_software,5,379
28807_2025하합165 자산(비품 등) 매각공고.pdf,False,mixed,0.70,12,8,6,"Hancom PDF 1.3.0.550",document_software,5,387
28880_2024하단300 매각공고(유체동산).pdf,False,mixed,0.70,11,5,6,"",unknown,20,262
28897_2025하합348 기계장치(프레스 60톤) 매각공고.pdf,False,text,0.80,6,6,1,"Hancom PDF 1.3.0.538",document_software,5,592
28843_2024하합100600 집기 비품 매각공고.pdf,False,mixed,0.70,7,5,2,"Hancom PDF 1.3.0.509",document_software,5,461
28831_유체동산 매각공고.pdf,True,scanned,0.90,10,0,10,"EPSON Scan",scanner,100,0
28741_2025하합304 자산(비품) 매각공고.pdf,False,text,0.80,8,6,2,"Microsoft: Print To PDF",document_software,5,578
28977_매각공고문 및 입찰서(영산특수강).pdf,True,scanned,0.90,10,0,10,"Epson Scan 2",scanner,100,0
28566_2024하합101202 자산 매각 공고(에이엘에이엔).pdf,False,mixed,0.70,8,8,3,"Hancom PDF 1.3.0.547",document_software,5,452
28673_2024하합101056 자산(파레트랙 등) 매각 공고.pdf,False,text,0.90,5,5,0,"Hancom PDF 1.3.0.534",document_software,5,757
28728_2025하합252 지식재산권매각 공고.pdf,False,text,0.80,7,7,1,"Hancom PDF 1.3.0.550",document_software,5,726
28765_2024하합101089 자산매각 공고.pdf,False,text,0.90,7,7,0,"Hancom PDF 1.3.0.547",document_software,5,725
28806_25하합165 자산(지식재산권) 매각공고.pdf,False,text,0.90,6,6,0,"Hancom PDF 1.3.0.550",document_software,5,734
28898_2025하합348 재고자산(재공품) 일괄매각공고.pdf,False,text,0.80,6,6,1,"Hancom PDF 1.3.0.538",document_software,5,635
28736_전주지방법원 2025하합1002 매각공고(기계설비).pdf,False,mixed,0.70,7,7,4,"",unknown,20,434
28612_2025하합223 유형자산(노트북 등) 매각 공고.pdf,False,text,0.90,6,6,0,"Hancom PDF 1.3.0.534",document_software,5,1088
29004_파산재단 자산매각 공고(유체동산)-천지환기.pdf,False,text,0.90,7,7,0,"Hancom PDF 1.3.0.538",document_software,5,614
28483_특허권 매각 및 포기공고.pdf25gkgkq103.pdf,False,text,0.90,7,7,0,"Hancom PDF 1.3.0.547",document_software,5,563
28538_2025하합281 재고자산매각공고.pdf,False,text,0.90,7,7,0,"Hancom PDF 1.3.0.550",document_software,5,765
28857_2025하합365 유형자산(컴퓨터 등) 매각공고.pdf,False,text,0.80,8,8,2,"Hancom PDF 1.3.0.538",document_software,5,549
28718_2025하합271 자산(비품) 매각공고.pdf,False,text,0.80,8,6,2,"Microsoft: Print To PDF",document_software,5,569
28607_2025하합197호 자산 매각 공고(스토어계정).pdf,False,text,0.90,7,7,0,"Microsoft: Print To PDF",document_software,5,706
28883_대구지방법원 2024하단12472 자산 매각 공고문.pdf,False,text,0.90,6,6,0,"",unknown,20,483
29010_2024하합100963 자산 매각 공고.pdf,False,text,0.80,6,6,1,"Microsoft: Print To PDF",document_software,5,648
28957_2025하합269 자산(기계장치 등) 일괄매각 공고.pdf,False,mixed,0.70,13,10,7,"iLovePDF",other,20,312
28404_부산회생법원 2023하합1092 가구매각공고 게시물 게시 신청(추가).pdf,True,scanned,0.90,9,0,9,"",unknown,95,0
28795_2025하합177 자산(반려견영양제) 매각 공고.pdf,False,text,0.80,4,4,1,"Hancom PDF 1.3.0.538",document_software,5,584
28727_2025하합252 재고자산매각공고.pdf,False,text,0.90,7,7,0,"Hancom PDF 1.3.0.550",document_software,5,662
28863_인천지방법원 2024하단102346 별지 주식매각공고문.pdf,False,text,0.90,6,6,0,"",unknown,5,642
28840_2024하합101247 동산매각 및 환가포기공고.pdf,True,scanned,0.90,14,0,14,"SINDOH D420",scanner,100,0
29007_2025하합368 재고자산(상품) 매각공고1.pdf,False,text,0.80,14,14,5,"Hancom PDF 1.3.0.547",document_software,5,551
29002_2022하합100434 자산포기공고(회원권).pdf,False,text,0.90,2,2,0,"Microsoft: Print To PDF",document_software,5,782
28512_부산회생법원 2025하합1011 유체동산 매각공고.pdf,True,scanned,0.90,5,0,5,"",unknown,95,0
28991_2025하합441 자산(비품) 매각공고.pdf,False,mixed,0.70,12,10,10,"NesPDF",document_software,5,141
28526_2025하합185 자산매각 및 환가포기 공고1.pdf,True,scanned,0.90,23,0,23,"",unknown,95,0
28649_2025하합279 자산(의약품 등) 매각 공고.pdf,False,text,0.90,18,18,0,"ESTsoft ALPDF",other,5,1446
28614_연합프로파일 25-007 첨부 공구·기구·비품 공매 공고(안).pdf,False,text,0.90,5,5,0,"Hancom PDF 1.3.0.550",document_software,5,767
28887_2025하합191 자산(차량) 매각공고.pdf,False,text,0.90,5,5,0,"Hancom PDF 1.3.0.534",document_software,5,1130
28923_자동차 매각공고.pdf,True,scanned,0.90,8,0,8,"EPSON Scan",scanner,100,0
28916_의정부지방법원 2024하단368 자동차매각공고문.pdf,False,mixed,0.70,18,6,12,"",unknown,20,208
28855_인천지방법원 2024하단102126 첨부서류.pdf,False,mixed,0.70,9,4,5,"",unknown,20,228
28635_2023하합100046호 지적재산권 매각공고(넥스지오).pdf,False,text,0.80,9,9,1,"Microsoft® Word 2010",document_software,5,895
28819_전주지방법원 2024하단10503 매각공고문.pdf,False,mixed,0.70,8,5,3,"",unknown,20,342
28755_2024하합100497 자산 매각 공고.pdf,False,mixed,0.70,18,16,13,"Hancom PDF 1.3.0.538",document_software,5,219
28676_의정부지방법원 2024하단21507 3. 자동차매각공고.pdf,True,scanned,0.90,17,0,17,"",unknown,95,0
28818_24하단20833 병합파일.pdf,False,mixed,0.70,12,6,6,"",unknown,20,260
28615_연합프로파일 25-006 첨부 기계장치·원재료·재공품 공매 공고문hwpx.pdf,False,text,0.80,5,5,1,"Hancom PDF 1.3.0.550",document_software,5,728
28995_매각공고문(입찰서포함).pdf,True,scanned,0.90,6,0,6,"SINDOH D470",scanner,100,0
28802_2024하단10701 차량 매각공고(안).pdf,False,text,0.80,5,5,1,"",unknown,5,687
28792_의정부지방법원 2025하합1006 자동차(2)매각공고(2025하합1006).pdf,False,mixed,0.70,11,5,6,"",unknown,20,189
28881_의정부지방법원 2024하단21659 매각공고문.pdf,False,text,0.80,7,6,1,"",unknown,5,535
28810_정우이엔씨 매각(입찰)공고 입찰서.pdf,True,scanned,0.90,10,0,10,"KONICA MINOLTA bizhub C258",scanner,100,0
28471_2025하합193 유형자산(비품)매각공고.pdf,False,mixed,0.70,13,13,8,"PDF 2022 13.0.0.2151",other,20,452
28610_2025하합209 차량운반구 매각공고(스타렉스1632).pdf,False,mixed,0.70,7,7,3,"ESTsoft ALPDF",other,20,341
28924_자동차 매각공고안(망 강동희).pdf,False,mixed,0.70,9,7,2,"Hancom PDF 1.3.0.509",document_software,5,315
28503_의정부지방법원 2024하단10002 1. 차량 매각공고 및 입찰서, 차량사진.pdf,False,mixed,0.70,8,6,2,"",unknown,20,403
28750_2025하합368 재고자산(상품) 매각공고.pdf,False,text,0.80,11,11,5,"PDF 2022 13.0.0.2151",other,5,714
28849_2024하합100964 자산 매각 공고.pdf,False,text,0.80,9,7,2,"Hancom PDF 1.3.0.509",document_software,5,576
28622_2024하합101203 재고매각공고.pdf,False,text,0.80,8,6,2,"Hancom PDF 1.3.0.509",document_software,5,1024
28579_수원회생법원 2024하단13260 자동차 매각에 관한 공고 허가 신청서.pdf,False,text,0.90,4,4,0,"",unknown,5,601
28758_2025하합368 자동차 매각공고.pdf,False,text,0.80,11,11,6,"Microsoft: Print To PDF",document_software,5,564
28841_2025하합382 차량 매각공고.pdf,True,scanned,0.90,10,0,10,"SINDOH D420",scanner,100,0
28793_의정부지방법원 2025하합1006 자동차(3)매각공고(2025하합1006).pdf,False,mixed,0.70,12,5,7,"",unknown,20,173
28960_2025하합317 자산 재매각 공고(포뮬러이코리아).pdf,False,mixed,0.70,22,10,12,"Microsoft® Word 2019",document_software,5,378
28694_수원회생법원 2024하단14807 허가서(허가서(자동차 매각공고 신청)).pdf,False,mixed,0.70,9,4,5,"PDFium",other,20,325
28974_매각공고문(입찰서포함).pdf,True,scanned,0.90,4,0,4,"SINDOH D470",scanner,100,0
28902_자동차 매각공고안(망 오경민).pdf,False,mixed,0.70,10,7,3,"Hancom PDF 1.3.0.509",document_software,5,290
28962_2025하단5744 자동차 매각공고.pdf,True,scanned,0.80,15,7,9,"ABBYY FineReader PDF 15",scanner,100,193
28889_2025하단6574 자동차 공매공고.pdf,False,text,0.90,3,3,0,"",unknown,5,1073
28984_2025하합272 특허권 일괄공개매각공고1.pdf,False,text,0.90,8,8,0,"Hancom PDF 1.3.0.538",document_software,5,679
28877_인천지방법원 2024하단102779 차량 매각공고.pdf,False,text,0.90,4,4,0,"",unknown,5,736
28472_2025하합193 유형자산(컴퓨터 등)매각공고.pdf,False,mixed,0.70,12,12,7,"PDF 2022 13.0.0.2151",other,20,474
28900_1의정부지방법원 2024하단21007 자동차매각공고(레이2017년식)_opt.pdf,False,mixed,0.70,14,6,8,"",unknown,20,311
28830_자동차(소형건설기계) 매각공고.pdf,True,scanned,0.90,6,0,6,"EPSON Scan",scanner,100,0
28833_매각공고문(입찰서포함)-자동차.pdf,True,scanned,0.90,4,0,4,"SINDOH D470",scanner,100,0
28648_2025하합279 자산(차량운반구) 매각 공고.pdf,False,mixed,0.70,6,6,2,"ESTsoft ALPDF",other,20,382
28687_2025하합276 차량 매각공고(심플프로젝트컴퍼니).pdf,True,scanned,0.90,9,0,9,"SINDOH D420",scanner,100,0
28965_2025하합223 자산(차량) 매각공고.pdf,False,text,0.90,5,5,0,"Hancom PDF 1.3.0.534",document_software,5,1130
28613_연합프로파일 25-005 첨부 자동차 공매 공고.pdf,False,text,0.90,4,4,0,"Hancom PDF 1.3.0.550",document_software,5,940
28609_2025하합209 차량운반구 매각공고(스타렉스0233).pdf,False,mixed,0.70,8,8,4,"ESTsoft ALPDF",other,20,307
28956_2025하합269 자동차 매각 공고.pdf,False,text,0.80,8,8,2,"Hancom PDF 1.3.0.550",document_software,5,523
28790_파노비젼 - 특허권매각공고문.pdf,False,mixed,0.70,15,5,10,"Hancom PDF 1.3.0.538",document_software,5,236
28943_2025하합335 자산(차량운반구) 매각공고.pdf,False,text,0.90,6,6,0,"Hancom PDF 1.3.0.538",document_software,5,889
28627_명인컴퍼니(2024하합171) - 출자증권 매가공고문.pdf,True,scanned,0.90,5,0,5,"Adobe PSL 1.3e for Canon??",scanner,100,0
28627_명인컴퍼니(2024하합171) - 출자증권 매가공고문.pdf,ERROR,,,,,,,,,
28985_2024하합101231 출자전환 주식 일괄 공개매각 공고.pdf,False,text,0.80,6,6,6,"Microsoft: Print To PDF",document_software,5,584
28729_2025하합126 출자증권 매각 공고.pdf,True,scanned,0.90,5,0,5,"KONICA MINOLTA bizhub 283",scanner,100,0
28742_2024하합100327 자산매각 및 환가포기공고(매출채권).pdf,False,text,0.90,7,7,0,"Hancom PDF 1.3.0.515",document_software,5,732
28929_2024하합100858 무형자산매각및포기공고.pdf,False,text,0.90,7,7,0," 9.10",other,5,811
28791_의정부지방법원 2025하합1006 자동차(1)매각공고(2025하합1006).pdf,False,mixed,0.70,16,5,11,"",unknown,20,133
28824_채권매각공고안 등(2014하합1).pdf,True,scanned,0.90,10,0,10,"Samsung-K7400LX",other,95,0
28661_수원회생법원 2024하단1304 허가서(채권매각 공고 게재신청).pdf,True,scanned,0.90,6,0,6,"PDFium",other,95,0
28825_매각공고문 및 입찰서(진하우스종합건설).pdf,False,mixed,0.70,9,9,9,"ePapyrus pdfcmd v1.1.0.24 (8eb21f0)",other,20,436
28068_2014하합132 채권 매각공고.pdf,True,scanned,0.90,6,0,6,"SINDOH N501",scanner,100,0
29009_장태현 채권 매각공고[회생채권 및 대여금] 수정.pdf,False,text,0.90,7,7,0,"Hancom PDF 1.3.0.545",document_software,5,554
28697_2024하합100964 상표권 매각 및 환가포기 공고.pdf,False,text,0.80,5,5,1,"Hancom PDF 1.3.0.509",document_software,5,648
28651_2024하합101242 채권 매각 및 유찰조건부 환가포기 공고.pdf,False,text,0.90,17,17,0,"Hancom PDF 1.3.0.538",document_software,5,607
28672_인천지방법원 2024하단101346 채권매각 공고등 신청서.pdf,False,text,0.90,6,6,0,"",unknown,5,619
28774_전주지방법원 2024하합1017 채권매각 공고.pdf,False,text,0.90,3,3,0,"",unknown,5,984
28928_2022하합100434 자산매각 및 포기공고(채권).pdf,False,text,0.90,5,5,0,"Microsoft: Print To PDF",document_software,5,929
28820_2025하합252 비상장주식매각 및 환가포기공고.pdf,False,text,0.90,7,7,0,"Hancom PDF 1.3.0.550",document_software,5,726
28731_2024하합101121 자산매각 및 유찰조건부 환가포기 공고.pdf,False,text,0.80,7,7,1,"Hancom PDF 1.3.0.550",document_software,5,599
28534_의정부지방법원 2024하단21244 1. 집기비품 매각공고 및 입찰서, 매각대상 사진.pdf,False,mixed,0.70,13,13,5,"",unknown,20,366
28665_2025하합300 자산 매각 및 환가 포기 허가 공고(상표권).pdf,False,text,0.90,8,8,0,"Microsoft: Print To PDF",document_software,5,666
28680_2023하합7041 자산매각 및 포기 매각공고문(채권).pdf,False,text,0.90,8,8,0,"",unknown,5,786
28848_2024하합100861 출원특허 공매 및 포기 공고.pdf,False,text,0.90,7,7,0,"Hancom PDF 1.3.0.547",document_software,5,710
28468_2025하합185 환가포기안내서.pdf,False,text,0.80,2,2,1,"Hancom PDF 1.3.0.538",document_software,5,512
28934_2022하합100016 채권등 매각공고.pdf,False,text,0.80,7,7,1,"Hancom PDF 1.3.0.542",document_software,5,726
28812_채권매각공고안 등(2014하합1).pdf,True,scanned,0.90,10,0,10,"Samsung-K7400LX",other,95,0
28616_광주지방법원 2024하단5888 채권매각공고(1).pdf,False,text,0.90,5,5,0,"Hancom PDF 1.3.0.538",document_software,5,710
28369_2025하합249 자산(차량) 매각 공고.pdf,False,text,0.90,8,8,0," 9.10",other,5,967
28748_의정부지방법원 2023하합1019 매각공고허가신청서(채권).pdf,False,text,0.90,6,6,0,"",unknown,20,470
28596_의정부지방법원 2024하단3 1. 주식매각 및 자산포기 공고문, 입찰서(채무자 이준범).pdf,False,text,0.90,6,6,0,"",unknown,5,580
28397_2024하합101208 지식재산권 공매공고.pdf,False,text,0.90,2,2,0,"Microsoft: Print To PDF",document_software,5,687
28617_광주지방법원 2024하단5888 채권매각공고(2).pdf,False,text,0.90,5,5,0,"Hancom PDF 1.3.0.538",document_software,5,698
28989_2025하합191 출자증권 매각 공고.pdf,False,text,0.90,5,5,0,"Hancom PDF 1.3.0.534",document_software,5,840
28519_의정부지방법원 2024하합1132 비앤알테크 - 자산포기공고(특허권).pdf,False,mixed,0.70,20,8,16,"",unknown,20,76
28927_2024하합100081 채권 매각 공고(보림프러스).pdf,False,text,0.90,9,9,0,"Hancom PDF 1.3.0.547",document_software,5,625
28650_2025하합271 디자인권 매각 및 유찰조건부 환가 포기 공고.pdf,False,text,0.90,10,10,0,"Hancom PDF 1.3.0.538",document_software,5,574
28969_2024하합101029 자산(기계장치) 매각공고.pdf,False,text,0.80,9,9,2,"Hancom PDF 1.3.0.538",document_software,5,660
28658_포기안내서(채권) - 에스티이엔(알레그로).pdf,False,mixed,0.70,9,2,7,"PDF 2020 11.0.0.2086",other,20,107
28645_2024하합101067 자산매각 및 환가포기공고(모니터).pdf,False,text,0.80,7,6,1,"Hancom PDF 1.3.0.515",document_software,5,642
28467_2025하합185 환가포기안내서.pdf,False,text,0.80,2,2,1,"Hancom PDF 1.3.0.538",document_software,5,512
28702_2025하합356 자산(채권) 매각 공고.pdf,False,text,0.90,6,6,0,"Hancom PDF 1.3.0.550",document_software,5,656
28701_2025하합250 자산매각 및 포기공고.pdf,False,mixed,0.70,7,6,2,"NesPDF",other,20,484
28968_2025하합239 자산 매각 및 포기공고.pdf,False,mixed,0.70,17,17,10,"Hancom PDF 1.3.0.538",document_software,5,453
28869_2025하합356 자산포기 안내서.pdf,False,text,0.90,2,2,0,"Hancom PDF 1.3.0.550",document_software,5,456
28805_의정부지방법원 2024하단21725 자동차매각공고.pdf,False,text,0.80,6,5,1,"",unknown,5,596
28967_2024하합14호 상표권 매각 및 포기공고.pdf,False,text,0.80,3,3,1,"Hancom PDF 1.3.0.542",document_software,5,1018
28779_포기안내서(채권)-한국전자물류.pdf,False,mixed,0.70,29,2,27,"PDF 2020 11.0.0.2086",other,20,39
28685_2023하합100300 자산포기안내서(매출채권).pdf,False,text,0.90,2,2,0,"Hancom PDF 1.3.0.515",document_software,5,692
28700_2025하합208 자산매각 및 포기 공고.pdf,False,mixed,0.70,7,6,2,"NesPDF",other,20,494
28752_수원회생법원 2024하단13811 채권매각공고.pdf,False,mixed,0.70,8,5,3,"",unknown,20,445
28654_2024하합101042 채권 매각공고.pdf,False,text,0.80,5,5,5,"Microsoft: Print To PDF",document_software,5,669
28821_2025하합252 비상장주식매각및환가포기공고1.pdf,False,text,0.90,7,7,0,"Hancom PDF 1.3.0.550",document_software,5,730
28725_2024하합101222 자산포기안내서.pdf,False,mixed,0.70,2,2,1,"Hancom PDF 1.3.0.550",document_software,5,488
28683_2024하합100680 자산 매각(포기) 공고1.pdf,False,text,0.90,9,9,0,"Hancom PDF 1.3.0.547",document_software,5,682
28777_2024하합101237 자산매각 및 포기공고(상표권).pdf,False,text,0.80,5,4,2,"Hancom PDF 1.3.0.547",document_software,5,639
28264_채권 매각공고.pdf,False,text,0.90,3,3,0,"Hancom PDF 1.3.0.538",document_software,5,775
28625_2024하합100301 채권 매각 공고1.pdf,False,text,0.90,6,6,0,"ezPDF Builder Supreme",other,5,590
28668_2022하합100434 자산매각공고(채권)1.pdf,False,text,0.90,5,5,0,"Microsoft: Print To PDF",document_software,5,854
28604_울산지방법원 2023하합508 자산포기공고.pdf,False,text,0.90,2,2,0,"",unknown,20,444
28822_2023하합100300 자산포기안내서(특허권).pdf,False,text,0.90,2,2,0,"Hancom PDF 1.3.0.515",document_software,5,564
28704_2022하합100138호 자산 매각 및 유찰조건부 포기공고.pdf,False,text,0.90,10,10,0,"Hancom PDF 1.3.0.459",document_software,5,656
28892_인터마인즈 - 매출채권, 선급금 매각공고문.pdf,True,scanned,0.90,5,0,5,"Adobe PSL 1.3e for Canon??",scanner,100,0
28892_인터마인즈 - 매출채권, 선급금 매각공고문.pdf,ERROR,,,,,,,,,
28873_2025하합388 재고자산매각공고.pdf,False,mixed,0.70,11,11,5,"Hancom PDF 1.3.0.550",document_software,5,477
28872_2025하합388 지식재산권매각 공고.pdf,False,text,0.80,8,8,2,"Hancom PDF 1.3.0.550",document_software,5,684
28686_2024하합100777 자산포기안내서(매출채권).pdf,False,text,0.90,2,2,0,"Hancom PDF 1.3.0.515",document_software,5,628
28706_2009하합25호 채권포기안내서.pdf,True,scanned,0.90,3,0,3,"DocuCentre-V C2263",other,95,0
28966_2025하합178 채권 등 공매공고.pdf,False,mixed,0.70,7,6,2,"NesPDF",other,20,499
28068_2014하합132 채권 매각공고 (1).pdf,True,scanned,0.90,6,0,6,"SINDOH N501",scanner,100,0
28145_매각공고문 및 입찰서(토파즈-채권).pdf,False,text,0.90,5,5,0,"Hancom PDF 1.3.0.538",document_software,5,632
28585_2024하합101215 자산(출자증권) 매각 공고.pdf,False,text,0.90,6,6,0,"Hancom PDF 1.3.0.538",document_software,5,815
28935_2025하합221 자산(의류) 매각 및 포기공고.pdf,False,text,0.80,12,12,4," 9.10",other,5,566
28874_전주지방법원 2023하합1010 채권매각에관한공고.pdf,False,text,0.90,8,8,0,"",unknown,5,646
28621_2024하합100221 자동차 환가포기공고.pdf,False,text,0.90,1,1,0,"Hancom PDF 1.3.0.509",document_software,5,802
28751_2025하합246 자산(홈페이지) 환가 포기 공고.pdf,False,text,0.90,2,2,0,"Hancom PDF 1.3.0.538",document_software,5,374
28501_2024하합100879 자산포기 안내서.pdf,False,text,0.90,3,3,0,"Hancom PDF 1.3.0.538",document_software,5,476
28580_2024하합100368 특허권 환가포기 공고.pdf,False,text,0.90,1,1,0,"Hancom PDF 1.3.0.509",document_software,5,849
28692_2025하합290 자산 매각공고 및 환가 포기 공고.pdf,False,text,0.80,5,5,2,"Hancom PDF 1.3.0.538",document_software,5,713
28696_2025하합272 자산 포기안내서.pdf,False,text,0.90,2,2,0,"Hancom PDF 1.3.0.542",document_software,5,616
28662_2024하합100081 채권매각 공고(보림프러스).pdf,False,text,0.90,6,6,0,"Hancom PDF 1.3.0.538",document_software,5,608
28990_2025하합481 지식재산권(출원 중 특허) 매각공고.pdf,False,text,0.90,8,8,0,"Hancom PDF 1.3.0.547",document_software,5,691
28764_2025하합229 자산 매각(포기) 공고.pdf,False,text,0.90,9,9,0,"Hancom PDF 1.3.0.547",document_software,5,658
28941_2025하합335 자산(기계장치 및 비품 등) 매각공고.pdf,False,mixed,0.70,13,10,13,"NesPDF",document_software,5,219
28647_2019하합100077 자산(채권) 공매 및 환가포기 공고.pdf,True,scanned,0.90,7,0,7,"SINDOH N600",scanner,100,0
28699_2025하합345 자산 포기 공고.pdf,False,text,0.90,1,1,0,"Hancom PDF 1.3.0.538",document_software,5,773
28448_인천지방법원 2019하합38 매출채권 매각공고(2019하합38 에이원이노베이션)-2025.04.22.(수정본).pdf,False,text,0.90,5,5,0,"",unknown,5,958
28541_2024하합101140  자산매각 및 포기공고.pdf,False,text,0.80,5,5,1,"Hancom PDF 1.3.0.547",document_software,5,709
28782_2023하합100573 자산 포기 공고.pdf,False,mixed,0.70,3,2,1,"Hancom PDF 1.3.0.404",document_software,5,284
28861_2024하합101028 자산(유동화자산-주식) 제2차 매각 및 환가 포기 공고.pdf,False,text,0.90,8,8,0,"Hancom PDF 1.3.0.538",document_software,5,702
28847_2024하합100861 부실채권 공개매각 및 포기 공고.pdf,False,text,0.90,6,6,0,"Hancom PDF 1.3.0.547",document_software,5,683
28961_2024하합100882 자산 매각 및 환가 포기 공고(상표권).pdf,False,text,0.90,8,8,0,"Microsoft® Word 2021",document_software,5,713
28343_2024하합100268 자산매각 공고.pdf,True,scanned,0.90,10,0,10,"",unknown,95,0
28992_2024하합100155 자산(약정금채권) 매각공고.pdf,False,text,0.90,5,5,0,"Microsoft: Print To PDF",document_software,5,777
28744_2024하합100495 자산(대여금) 환가 포기 공고.pdf,False,text,0.90,2,2,0,"Hancom PDF 1.3.0.538",document_software,5,360
28896_2025하합332 자산 매각공고 및 환가 포기 공고(상표권).pdf,False,text,0.80,4,4,1,"Hancom PDF 1.3.0.538",document_software,5,818
28885_2024하합100481 부실채권 공개매각 공고.pdf,False,text,0.80,6,6,1,"Hancom PDF 1.3.0.547",document_software,5,796
28551_2024하합100301 채권매각 공고.pdf,False,text,0.90,7,7,0,"Hancom PDF 1.3.0.547",document_software,5,603
28804_의정부지방법원 2024하단21725 자동차매각공고.pdf,False,text,0.80,6,5,1,"",unknown,5,596
28542_인천지방법원 2023하합47 채권 매각 공고 등 신청서.pdf,True,scanned,0.90,5,0,5,"",unknown,95,0
28757_2025하합240 자산(상표권) 매각 및 포기공고.pdf,False,text,0.80,5,4,2,"Hancom PDF 1.3.0.547",document_software,5,640
28460_매각공고문 및 입찰서(우성테크).pdf,False,mixed,0.70,22,5,17,"알PDF",other,20,141
28829_전주지방법원 2023하합1002 채권매각 공고.pdf,False,text,0.90,3,3,0,"",unknown,5,875
28714_2025하합329 자산 매각(포기) 공고.pdf,False,text,0.90,9,9,0,"Hancom PDF 1.3.0.547",document_software,5,676
28593_2025하합272 자산포기안내서_매출채권.pdf,False,text,0.90,2,2,0,"Hancom PDF 1.3.0.542",document_software,5,584
28693_2025하합315 자산 매각공고 및 환가 포기 공고.pdf,False,text,0.80,6,6,1,"Hancom PDF 1.3.0.538",document_software,5,978
28994_2021하합100404 채권 매각 공고.pdf,False,text,0.80,6,5,2,"NesPDF",other,5,572
28710_23하단20715 병합.pdf,False,mixed,0.70,15,15,9,"",unknown,20,214
28786_김다영 채권 매각공고(정은숙,김순옥)-수정.pdf,False,text,0.90,8,8,0,"Hancom PDF 1.3.0.545",document_software,5,512
28723_2025하합178호 지식재산권 매각 및 포기공고.pdf,False,text,0.90,3,3,0,"ezPDF Builder Supreme",other,5,980
28785_2022하합100247 자산포기공고.pdf,False,text,0.90,2,2,0,"Hancom PDF 1.3.0.538",document_software,5,583
28787_박정례 2차 채권 매각공고[계약금반환].pdf,False,text,0.90,6,6,0,"Hancom PDF 1.3.0.545",document_software,5,566
28988_2024하합100554 자산(비상장주식)매각공고.pdf,False,text,0.80,6,6,1,"Microsoft: Print To PDF",document_software,5,610
28640_2024하합100190 해외법인 출자지분 매각 및 환가포기공고.pdf,False,text,0.90,5,5,0,"Hancom PDF 1.3.0.509",document_software,5,716
28724_2025하합196호 지식재산권 매각 및 포기공고.pdf,False,text,0.90,3,3,0,"ezPDF Builder Supreme",other,5,960
28722_24하합101207 채권 매각 및 포기 공고.pdf,False,text,0.80,7,6,2,"NesPDF",other,5,532
28317_울산지방법원 2023하단5020 채권매각공고문(1).pdf,True,scanned,0.90,5,0,5,"",unknown,95,0
28756_2025하합115  자산(특허권) 매각 및 포기공고.pdf,False,text,0.80,6,4,2,"Hancom PDF 1.3.0.547",document_software,5,540
28993_2024하합100799 채권 매각 공고.pdf,False,text,0.90,4,4,0,"Hancom PDF 1.3.0.538",document_software,5,721
28523_2025하합291 지식재산권(상표권) 일괄 매각공고.pdf,False,text,0.80,7,7,1,"Hancom PDF 1.3.0.547",document_software,5,696
28976_의정부지방법원 2023하단20553 채권매각공고 신청.pdf,False,text,0.90,4,4,0,"",unknown,5,532
28894_2024하단107237 비상장주식 매각공고.pdf,True,scanned,0.90,6,0,6,"",unknown,95,0
28932_춘천지방법원 2024하합1001 지적재산권(특허,상표권) 매각공고 신청.pdf,False,text,0.90,6,6,0,"",unknown,5,655
28771_2025하합274 자산매각 및 환가포기 공고.pdf,True,scanned,0.90,14,0,14,"",unknown,95,0
28773_2025하합7011 지적재산권 매각 및 환가 포기공고.pdf,True,scanned,0.90,7,0,7,"",unknown,95,0
28633_2024하합100674 지적재산권(특허권) 매각공고(워커맨).pdf,True,scanned,0.90,7,0,7,"SINDOH D420",scanner,100,0
28688_2025하합276 지적재산권 매각공고(심플프로젝트컴퍼니).pdf,True,scanned,0.90,24,0,24,"SINDOH D420",scanner,100,0
28930_춘천지방법원 2024하합1005 지적재산권(특허권) 매각공고 신청.pdf,False,text,0.90,5,5,0,"",unknown,5,543
28707_의정부지방법원 2025하합1036 1. 자산포기 안내서.pdf,False,text,0.90,2,2,0,"",unknown,20,432
28987_2025하합367 자산 매각 공고.pdf,False,text,0.80,5,5,1,"Hancom PDF 1.3.0.404",document_software,5,585
28659_(4부)액트테라퓨틱스(2024하합556) - 특허권매각공고문.pdf,True,scanned,0.90,6,0,6,"Adobe PSL 1.3e for Canon??",scanner,100,0
28659_(4부)액트테라퓨틱스(2024하합556) - 특허권매각공고문.pdf,ERROR,,,,,,,,,
28945_자산매각공고(주식회사 디투리소스).pdf,False,text,0.90,5,5,0,"Hancom PDF 1.3.0.550",document_software,5,677
28931_춘천지방법원 2024하합1001 지적재산권(특허,상표권) 매각공고 신청.pdf,False,text,0.90,6,6,0,"",unknown,5,655
28834_매각공고문(입찰서포함)-상표권.pdf,True,scanned,0.90,4,0,4,"SINDOH D470",scanner,100,0
29001_2023하합100825 자산 매각 및 환가 포기 공고(상표권).pdf,False,text,0.90,8,8,0,"Microsoft® Word 2021",document_software,5,658
28466_2025하합185 자산매각 및 환가포기 공고(지적재산권).pdf,True,scanned,0.90,20,0,20,"",unknown,95,0
28628_명인컴퍼니(2024하합171) - 특허권매각공고문.pdf,True,scanned,0.90,5,0,5,"Adobe PSL 1.3e for Canon??",scanner,100,0
28628_명인컴퍼니(2024하합171) - 특허권매각공고문.pdf,ERROR,,,,,,,,,
28922_인천지방법원 2025하합4 지식재산권(특허권) 매각공고.pdf,False,text,0.90,5,5,0,"",unknown,5,770
28655_2024하합101249 지적재산권 매각 및 환가포기공고.pdf,True,scanned,0.90,6,0,6,"SINDOH D420",scanner,100,0
28871_2025하합131 자산매각공고1.pdf,False,mixed,0.70,7,7,3,"Hancom PDF 1.3.0.538",document_software,5,434
28884_2025하합353 자산 매각 공고.pdf,False,mixed,0.70,9,9,4,"Hancom PDF 1.3.0.547",document_software,5,453
28955_자산매각 공고문.pdf,False,mixed,0.70,11,9,3,"Hancom PDF 1.3.0.538",document_software,5,466
28959_2025하합304 자산(비품) 매각공고1.pdf,False,text,0.80,7,5,2,"Microsoft: Print To PDF",document_software,5,617
28832_특허권(2건) 매각공고.pdf,True,scanned,0.90,5,0,5,"EPSON Scan",scanner,100,0
28865_엔씨씨 - 특허권매각공고문.pdf,True,scanned,0.90,6,0,6,"Adobe PSL 1.3e for Canon??",scanner,100,0
28865_엔씨씨 - 특허권매각공고문.pdf,ERROR,,,,,,,,,
28856_2025하합365 무형자산(상표권 등) 일괄공개매각공고.pdf,False,text,0.80,9,9,3,"Hancom PDF 1.3.0.538",document_software,5,705
28983_2025하합378 자산 매각 및 환가포기 공고(지적재산권).pdf,False,text,0.90,14,14,0,"Hancom PDF 1.3.0.542",document_software,5,536
27941_2024하단103793 부동산매각공고.pdf,False,mixed,0.70,5,1,4,"",unknown,20,117
28681_대구지방법원 2024하단12332 부동산 매각공고.pdf,False,text,0.90,6,6,0,"",unknown,5,639
28906_인천지방법원 2024하단101392 매각공고 .pdf,False,text,0.90,4,4,0,"",unknown,5,756
28586_2024하단103746 부동산 매각공고 .pdf,True,scanned,0.90,7,0,7,"",unknown,95,0
28624_인천지방법원 2024하단1449 부동산 지분 매각공고.pdf,False,text,0.90,5,5,0,"",unknown,5,581
28326_2024하단102329 부동산 매각공고.pdf,False,text,0.90,5,5,0,"",unknown,5,602
28914_인천지방법원 2024하단100541 부동산 매각 공고등 신청서.pdf,False,text,0.90,6,6,0,"",unknown,20,496
28946_의정부지방법원 2025하합1032 유체동산(차량용 액세서리) 매각 및 환가 포기 공고 .pdf,False,mixed,0.70,33,33,10,"",unknown,20,437
28636_2024하단102454 부동산매각공고1.pdf,True,scanned,0.90,4,0,4,"DocuCentre-V C2265",other,95,0
28979_부산회생법원 2022하단513 부동산 매각 공고문.pdf,False,text,0.80,6,6,1,"",unknown,5,697
28803_2024하단10892 부동산 매각 및 포기 공고.pdf,True,scanned,0.90,5,0,5,"",unknown,95,0
28589_의정부지방법원 2024하단21143 고성식 - 부동산매각공고.pdf,False,mixed,0.70,18,8,14,"",unknown,20,258
28738_24-102016 자산매각공고내역서4.pdf,False,text,0.80,6,6,1,"",unknown,5,668
28493_수원회생법원 2024하단12071 부동산 매각에 관한 공고허가 신청서.pdf,False,text,0.90,5,5,0,"",unknown,20,495
28878_인천지방법원 2024하단102779 부동산 매각공고 .pdf,False,text,0.90,4,4,0,"",unknown,5,755
28800_부산회생법원 2024하단70474 매각공고문 및 입찰서.pdf,False,text,0.90,5,5,0,"",unknown,5,723
28351_수원회생법원 2025하단10056 허가서(회원권 매각공고 허가신청서).pdf,False,mixed,0.70,19,6,13,"PDFium",other,20,175
28608_인천지방법원 2024하단980 부동산 상속지분 매각공고.pdf,False,text,0.90,5,5,0,"",unknown,5,577
28739_24-102016 자산매각공고내역서5.pdf,False,text,0.80,6,6,1,"",unknown,5,663
28684_2024하단1105 부동산 매각공고.pdf,False,text,0.90,5,5,0,"",unknown,5,650
28770_2025하합139 자산매각공고(상품).pdf,False,text,0.80,5,5,1,"Microsoft: Print To PDF",document_software,5,757
28600_인천지방법원 2024하단100690 임의매각공고(박병규).pdf,False,text,0.90,5,5,0,"",unknown,5,602
28548_수원회생법원 2024하단13632 허가서(자산매각 공고 허가신청).pdf,True,scanned,0.90,9,0,9,"PDFium",other,95,0
28971_창원지방법원 2024하단10305 부동산 매각공고 및 입찰서.pdf,False,text,0.90,12,12,0,"",unknown,5,513
28221_2024하단100973 매각공고문 및 입찰서 .pdf,False,text,0.90,12,12,0,"",unknown,20,443
28664_2023하단102788 부동산 매각공고(입찰서).pdf,False,text,0.90,4,4,0,"",unknown,5,557
28837_2024하단10732 파산재단 매각공고..pdf,False,text,0.80,5,5,1,"",unknown,5,673
28975_의정부지방법원 2024하단21255 부동산 매각공고 신청.pdf,False,text,0.90,4,4,0,"",unknown,5,665
28314_2024하단107138 부동산 매각공고(입찰서).pdf,False,text,0.90,4,4,0,"",unknown,5,540
28926_인천지방법원 2025하단100293 부동산 상속지분 매각공고.pdf,False,text,0.90,5,5,0,"",unknown,5,604
28986_의정부지방법원 2024하단20995 신경애- 대법원 매각공고 및 입찰서(지분매각).pdf,False,text,0.90,4,4,0,"",unknown,5,880
28950_의정부지방법원 2025하합1032 특허권 등 매각 및 환가 포기 공고 .pdf,False,text,0.90,7,7,0,"",unknown,5,563
28231_대구지방법원 2024하단10120 부동산 매각 공고 허가 신청서.pdf,False,text,0.90,6,6,0,"",unknown,5,793
28870_의정부지방법원 2022하단21240 부동산매각공고신청.pdf,False,text,0.80,5,5,1,"",unknown,5,513
28217_32기 정명관 부동산매각공고(2차) 법원공고용_compressed.pdf,False,mixed,0.70,11,11,6,"iLovePDF",other,20,429
28735_24-102016 자산매각공고내역서.pdf,False,text,0.80,6,6,1,"",unknown,5,671
28567_의정부지방법원 2024하단20072 1. 부동산 매각공고 및 입찰서.pdf,False,mixed,0.70,12,9,5,"",unknown,20,398
28838_2023하단10765 파산재단 매각공고(부동산).pdf,False,text,0.80,5,5,1,"",unknown,5,690
28626_수원회생법원 2021하단2456 허가서(자산매각 공고 게재 허가신청).pdf,False,text,0.80,6,6,2,"PDFium",other,5,627
28457_04. 부동산매각공고문(덕남리 1294-13).pdf,False,text,0.80,8,8,2,"",unknown,5,596
28743_2024하단104987  부동산매각공고.pdf,False,text,0.90,5,5,0,"",unknown,5,818
28917_인천지방법원 2024하단100623 부동산 매각 공고등 신청서.pdf,False,text,0.90,6,6,0,"",unknown,5,571
28559_2024하단103628 부동산 매각 공고1.pdf,False,text,0.90,4,4,0,"",unknown,5,692
28747_인천지방법원 2023하단102599 매각공고문 및 첨부서류.pdf,True,scanned,0.90,8,0,8,"",unknown,95,0
28899_부산회생법원 2024하단100090 부동산 매각 공고문.pdf,False,text,0.80,6,6,1,"",unknown,5,675
28423_인천지방법원 2024하합31 매각공고.pdf,False,text,0.90,4,4,0,"",unknown,5,769
28638_인천지방법원 2024하단101001 부동산 매각공고.pdf,False,text,0.90,5,5,0,"",unknown,5,740
28948_의정부지방법원 2025하합1032  유체동산(지게차) 매각 및 환가 포기 공고 .pdf,False,text,0.80,5,5,1,"",unknown,5,541
28373_대구지방법원 2024하단10233 채무자 김도환의 재산매각 공고.pdf,False,text,0.90,6,6,0,"",unknown,5,507
28480_2024하합100600 자산(부동산) 매각공고.pdf,False,text,0.90,7,7,0,"Hancom PDF 1.3.0.509",document_software,5,803
28370_대구지방법원 2024하단10678 망 김태수의 상속재산 매각공고.pdf,False,text,0.90,6,6,0,"",unknown,5,521
28797_부산회생법원 2024하단100973 매각공고문 및 입찰서.pdf,False,text,0.90,10,10,0,"",unknown,20,494
28778_부산회생법원 2024하단470 부동산 매각 공고.pdf,False,text,0.80,6,6,1,"",unknown,5,626
28573_부동산매각공고안(이충현).pdf,False,text,0.90,7,7,0,"Hancom PDF 1.3.0.509",document_software,5,586
28663_2025하단5507 부동산 매각공고(입찰서).pdf,False,text,0.90,4,4,0,"",unknown,5,553
28456_03. 부동산매각공고문(제주비치 220호, 221호).pdf,False,text,0.80,12,12,3,"",unknown,5,634
28485_2024하단102239 부동산매각공고.pdf,True,scanned,0.90,4,0,4,"",unknown,95,0
28385_인천지방법원 2024하단158 부동산 매각공고 게시신청.pdf,True,scanned,0.90,4,0,4,"",unknown,95,0
28769_2025하합302 자산매각공고(비품).pdf,False,text,0.80,6,6,1,"Microsoft: Print To PDF",document_software,5,674
28527_2024하단100748 부동산 매각공고1.pdf,False,text,0.90,6,6,0,"",unknown,5,585
28371_대구지방법원 2024하단11251 채무자 정숙자의 부동산 매각 공고.pdf,False,text,0.90,6,6,0,"",unknown,5,626
28789_인천지방법원 2021하단1282 부동산 매각 공고등 신청서.pdf,False,text,0.90,6,6,0,"",unknown,5,507
28272_부산회생법원 2025하단100076 자산(집합건물 지분) 매각 공고.pdf,False,text,0.90,4,4,0,"",unknown,5,718
28135_수원회생법원 2023하단186 3-1. 부동산매각공고(별지).pdf,False,text,0.90,4,4,0,"",unknown,5,610
28054_2024하단100665 부동산매각공고1.pdf,False,mixed,0.70,10,6,4,"",unknown,20,433
28907_2024하단10622 부동산매각공고.pdf,True,scanned,0.90,9,0,9,"SINDOH D420",scanner,100,0
28982_2025하합378 자산 매각 및 환가 포기공고(완제품,반제품).pdf,False,mixed,0.70,15,11,5,"Hancom PDF 1.3.0.542",document_software,5,465
28953_2024하단1567 부동산매각공고.pdf,True,scanned,0.90,8,0,8,"",unknown,95,0
28711_2024하단10693 매각공고(부동산 지분).pdf,True,scanned,0.90,4,0,4,"",unknown,95,0
28759_2024하단107113 부동산 매각공고.pdf,True,scanned,0.90,4,0,4,"RICOH IM C2010",scanner,100,0
28954_광주지방법원 2024하단5915 부동산매각공고.pdf,False,text,0.90,3,3,0,"Hancom PDF 1.3.0.538",document_software,5,713
28794_2025하합176 동산(사무실집기 등) 공매공고.pdf,False,text,0.80,2,2,1,"Microsoft: Print To PDF",document_software,5,896
28479_수원회생법원 2024하단1136 부동산 매각공고안.pdf,False,text,0.90,4,4,0,"",unknown,5,660
28740_24-102016 자산매각공고내역서6.pdf,False,text,0.80,6,6,1,"",unknown,5,701
28996_2025하단5376 부동산 매각공고.pdf,False,mixed,0.70,8,5,3,"",unknown,20,310
28942_2025하합335 자산(재고자산) 매각공고.pdf,False,mixed,0.70,8,6,8,"NesPDF",document_software,5,163
28940_부산회생법원 2023하단404 매각공고문 및 입찰서.pdf,False,text,0.90,5,5,0,"",unknown,5,705
28453_인천지방법원 2024하단100122 1. 부동산 매각공고.pdf,False,text,0.80,5,5,2,"",unknown,5,644
28862_인천지방법원 2024하단1295 1. 자동차매각공고.pdf,False,text,0.90,5,5,0,"",unknown,5,649
28525_수원회생법원 2024하단12071 부동산 매각에 관한 공고허가 신청서 (1).pdf,False,text,0.90,5,5,0,"",unknown,20,495
28997_2025하단5376 부동산 매각공고.pdf,False,mixed,0.70,8,5,3,"",unknown,20,310
28522_24-439 부동산매각공고문.pdf,True,scanned,0.90,6,0,6,"",unknown,95,0
28864_2025하합189 자산매각공고(비품)1.pdf,False,text,0.80,8,8,4,"Microsoft: Print To PDF",document_software,5,537
26802_청주지방법원 2021하합6 자산매각공고게재허가신청(부동산).pdf,False,text,0.90,12,12,0,"",unknown,5,528
28905_2024하단102329 부동산 매각공고1.pdf,False,text,0.90,5,5,0,"",unknown,5,621
28918_인천지방법원 2024하단16 부동산 매각 공고등 신청서.pdf,False,text,0.90,6,6,0,"",unknown,5,522
28776_강채현 부동산매각공고 및 입찰서.pdf,False,text,0.80,5,5,1,"Hancom PDF 1.3.0.545",document_software,5,788
28814_매각공고문(자동차).pdf,False,text,0.80,5,5,3,"Microsoft: Print To PDF",document_software,5,818
28634_2024하합100995 채권 매각 및 환가포기공고(까레몽협동조합).pdf,False,text,0.80,5,5,5,"Microsoft: Print To PDF",document_software,5,724
28846_24-101785 법원공고를 통한 부동산 매각 허가신청.pdf,False,mixed,0.70,9,9,2,"",unknown,20,431
28220_2024하단100951 매각공고문 및 입찰서 .pdf,False,text,0.90,5,5,0,"",unknown,5,707
28823_2025하합379 자산매각공고(비품 및 시설장치).pdf,False,mixed,0.70,11,11,6,"Microsoft: Print To PDF",document_software,5,416
28913_인천지방법원 2024하단100541 부동산 매각 공고등 신청서.pdf,False,text,0.90,6,6,0,"",unknown,5,503
28766_2025하단5206 부동산 매각공고.pdf,True,scanned,0.90,4,0,4,"SINDOH D420",scanner,100,0
28721_2025하합148 부동산 공매공고.pdf,False,text,0.90,4,4,0,"NesPDF",other,5,827
28815_의정부지방법원 2024하합1122 부동산 매각 및 포기공고.pdf,True,scanned,0.90,8,0,8,"",unknown,95,0
28746_대구지방법원 2023하단1071 부동산매각공고(노원동3가 702-6).pdf,False,text,0.50,5,4,0,"",unknown,20,494
28594_2024하합101126 자산매각공고(마스크기계)1.pdf,False,text,0.80,6,5,2,"Hancom PDF 1.3.0.550",document_software,5,694
28981_2025하합378 자산 매각 및 환가 포기공고(비품).pdf,False,mixed,0.70,13,10,4,"Hancom PDF 1.3.0.542",document_software,5,480
28164_2024하단103780 부동산 매각공고.pdf,True,scanned,0.90,5,0,5,"",unknown,95,0
28677_인천지방법원 2024하단102777 매각공고 .pdf,False,text,0.90,4,4,0,"",unknown,5,763
28745_대구지방법원 2023하단1071 부동산매각공고(국우동647-1).pdf,False,text,0.90,4,4,0,"",unknown,5,592
28486_2024하단102765 부동산매각공고1.pdf,True,scanned,0.90,4,0,4,"",unknown,95,0
28921_인천지방법원 2024하단102032 부동산 매각 공고등 신청서.pdf,False,text,0.90,6,6,0,"",unknown,5,547
28690_인천지방법원 2024하단101756 임의매각공고.pdf,False,text,0.90,5,5,0,"",unknown,5,694
28671_인천지방법원 2024하단102250 부동산 매각 공고등 신청서.pdf,False,text,0.90,6,6,0,"",unknown,5,568
28775_2차 부동산매각공고 및 입찰서[2023하단10598 망 이상권].pdf,False,text,0.80,6,6,1,"Hancom PDF 1.3.0.545",document_software,5,714
28716_전주지법 2024하단10503.pdf,False,text,0.90,5,5,0,"",unknown,20,464
28174_2025하합168 자산매각공고.pdf,True,scanned,0.90,11,0,11,"",unknown,95,0
28910_2025하단5360 부동산 매각공고.pdf,True,scanned,0.90,5,0,5,"",unknown,95,0
28279_수원회생법원 2023하단13453 4-1. 부동산매각공고(별지).pdf,False,text,0.90,4,4,0,"",unknown,5,548
26801_청주지방법원 2024하합2 자산매각공고게재허가신청(부동산).pdf,False,text,0.90,12,12,0,"",unknown,5,579
28835_광주지방법원 2024하단5956 부동산 매각공고(추가).pdf,True,scanned,0.90,5,0,5,"",unknown,95,0
28584_부산회생법원 2024하단809 첨부1_부동산매각공고문(아미동2가 32-44).pdf,False,mixed,0.70,10,6,5,"",unknown,20,352
28669_인천지방법원 2024하단102145 채권매각 공고등 신청서.pdf,False,text,0.90,6,6,0,"",unknown,5,532
28808_2025하합136 자산 매각 공고.pdf,False,text,0.80,9,9,5,"Microsoft® Word 2019",document_software,5,1165
28618_전주지방법원 2024하단405 부동산 매각에 관한 공고게재 신청.pdf,True,scanned,0.90,5,0,5,"",unknown,95,0
28811_인천지방법원 2024하단102411 매각공고.pdf,False,text,0.90,4,4,0,"",unknown,5,732
28601_인천지방법원 2024하단101321 임의매각공고(성현숙).pdf,False,text,0.90,5,5,0,"",unknown,5,597
28546_수원회생법원 2024하단13361 부동산(상속지분) 매각에 관한 공고게재신청.pdf,False,text,0.90,4,4,0,"",unknown,5,718
28358_2023하단105972 부동산매각공고.pdf,False,text,0.90,4,4,0,"",unknown,5,714
28796_부산회생법원 2024하단100951 매각공고문 및 입찰서.pdf,False,text,0.90,5,5,0,"",unknown,5,708
28915_인천지방법원 2024하단102032 부동산 매각 공고등 신청서.pdf,False,text,0.90,6,6,0,"",unknown,5,558
28558_2025하단5113 부동산 매각공고.pdf,True,scanned,0.90,4,0,4,"RICOH IM C3000",scanner,100,0
28563_2024하단676 매각(부동산) 및 포기 공고.pdf,True,scanned,0.90,5,0,5,"",unknown,95,0
28214_30기 장성재 부동산매각공고(4차) 공고용.pdf,False,text,0.90,5,5,0,"Hancom PDF 1.3.0.538",document_software,5,805
28643_인천지방법원 2024하단101001 부동산 매각공고 게시 신청.pdf,False,text,0.90,5,5,0,"",unknown,5,721
28657_2024하단102842 부동산 매각공고.pdf,False,text,0.90,7,7,0,"",unknown,5,574
28560_2024하단106396 부동산 매각 공고2.pdf,False,text,0.90,4,4,0,"",unknown,5,797
28970_의정부지방법원 2025하단20034 부동산 매각공고 및 입찰서.pdf,False,text,0.90,5,5,0,"",unknown,5,538
28417_2024하단1431 부동산 매각공고.pdf,False,text,0.80,12,8,6,"",unknown,5,524
28839_2025하합290 자산 매각공고 및 환가 포기 공고1.pdf,False,mixed,0.70,38,37,23,"Hancom PDF 1.3.0.538",document_software,5,343
28619_2024하단10563 매각공고(태안군).pdf,False,text,0.90,5,5,0,"",unknown,5,530
28858_2024하단106862 부동산 매각공고.pdf,False,mixed,0.70,4,1,3,"",unknown,20,100
28891_2024하단103780 부동산 매각공고1.pdf,True,scanned,0.90,5,0,5,"",unknown,95,0
28761_창원지방법원 2023하단957 부동산 매각공고(망박민규).pdf,False,text,0.80,7,7,7,"",unknown,5,572
28783_2023하합100724 자산 환가포기 공고.pdf,False,text,0.90,2,2,0,"Hancom PDF 1.3.0.538",document_software,5,398
29000_2024하단10827 매각공고(부동산).pdf,False,text,0.90,6,6,0,"",unknown,5,517
28952_2024하단107432 부동산매각공고.pdf,False,mixed,0.70,6,6,6,"Microsoft: Print To PDF",document_software,5,282
28762_창원지방법원 2024하단66 부동산 매각공고(손지원).pdf,False,text,0.80,5,5,5,"",unknown,5,785
28319_24-814 채권매각공고내역서.pdf,False,text,0.80,7,7,1,"",unknown,5,729
28933_춘천지방법원 2024하단1146 부동산 매각공고 신청.pdf,False,text,0.80,5,5,5,"",unknown,5,701
28352_수원회생법원 2024하단1408 허가서(부동산매각공고 허가신청서).pdf,False,mixed,0.70,9,5,4,"PDFium",other,20,314
28581_울산지방법원 2025하단5 부동산매각공고 및 응찰서(정정).pdf,False,text,0.90,4,4,0,"",unknown,20,490
28703_부동산매각공고안(망 강동희).pdf,False,text,0.90,6,6,0,"Hancom PDF 1.3.0.509",document_software,5,594
28646_2024하합100965 자산 포기 공고.pdf,False,text,0.90,1,1,0,"Hancom PDF 1.3.0.538",document_software,5,914
27345_수원회생법원 2024하단11536 허가서(부동산지분매각공고 신청서).pdf,False,text,0.90,5,5,0,"PDFium",other,5,666
28215_33기 최춘근 부동산매각공고(4회) 공고용_compressed.pdf,False,mixed,0.70,10,5,5,"iLovePDF",other,20,432
28712_2024하단10661 파산재단 자산매각(부동산) 공고.pdf,False,text,0.80,5,5,1,"",unknown,5,701
28845_24-604 부동산 매각 공고.pdf,False,text,0.80,5,5,1,"",unknown,5,730
28890_2024하단104150 부동산 매각공고1.pdf,True,scanned,0.90,5,0,5,"",unknown,95,0
28603_광주지방법원 2024하단6079 부동산매각공고.pdf,False,text,0.90,3,3,0,"Hancom PDF 1.3.0.538",document_software,5,710
28781_2024하합100626 환가의 포기 공고.pdf,False,text,0.90,3,3,0,"Hancom PDF 1.3.0.534",document_software,5,711
28553_2024하단102485 부동산 매각공고.pdf,False,text,0.90,4,4,0,"",unknown,5,536
28390_의정부지방법원 2024하단20552 매각공고문.pdf,False,text,0.80,15,15,3,"",unknown,5,933
28763_의정부지방법원 2024하단20363 부동산매각공고.pdf,False,text,0.90,4,4,0,"",unknown,5,672
28859_유체동산 매각 및 포기공고.pdf,False,text,0.80,7,7,2,"Hancom PDF 1.3.0.506",document_software,5,544
28734_24-102016 자산매각공고내역서1.pdf,False,text,0.80,6,6,1,"",unknown,5,629
28980_2025하합378 자산 매각 공고(자동차).pdf,False,mixed,0.70,12,8,4,"Hancom PDF 1.3.0.542",document_software,5,464
28919_인천지방법원 2024하단16 부동산 매각 공고등 신청서.pdf,False,text,0.90,6,6,0,"",unknown,5,523
28597_24-366 자산매각공고내역서.pdf,False,text,0.80,6,6,1,"",unknown,5,626
28813_2024하단103188 부동산 매각공고.pdf,False,text,0.90,4,4,0,"Hancom PDF 1.3.0.550",document_software,5,820
28958_2024하단1408 부동산 매각공고.pdf,False,text,0.90,4,4,0,"",unknown,20,490
28882_24-101785 법원공고.pdf,False,text,0.80,6,6,1,"",unknown,5,529
28836_2025하단6574 부동산 매각공고.pdf,False,text,0.90,4,4,0,"",unknown,20,482
28364_울산지방법원 2024하단425 매각공고문.pdf,False,text,0.90,6,6,0,"",unknown,5,548
28717_전주지방법원 2024하단10504 매각공고문.pdf,False,text,0.90,5,5,0,"",unknown,20,476
28737_24-102016 자산매각공고내역서2.pdf,False,text,0.80,6,6,1,"",unknown,5,693
28500_대구지방법원 2024하단11497 부동산 매각 공고 및 입찰서(경북 포항시 남구 오천읍 문덕리 산156-170).pdf,False,text,0.90,5,5,0,"",unknown,5,592
28715_수원회생법원 2024하단15042 부동산매각공고.pdf,False,text,0.90,5,5,0,"",unknown,5,708
28879_인천지방법원 2024하단102779 부동산지분 매각공고 .pdf,False,text,0.90,5,5,0,"",unknown,5,635
28518_2024하단10574 매각공고 및 입찰서.pdf,False,text,0.90,6,6,0,"",unknown,5,557
28223_2024하단100951 매각공고문 및 입찰서(2) .pdf,False,text,0.90,5,5,0,"",unknown,5,708
28499_대구지방법원 2024하단11497 부동산 매각 공고 및 입찰서(경북 영덕군 영덕읍 오보리 366-1).pdf,False,text,0.90,5,5,0,"",unknown,5,589
28202_대구지방법원 2022하단529 부동산매각공고.pdf,False,text,0.90,4,4,0,"",unknown,5,652
28893_2024하단101797 부동산 매각공고1.pdf,True,scanned,0.90,5,0,5,"",unknown,95,0
28372_대구지방법원 2023하단262 채무자 김봉균의 부동산 매각 공고.pdf,False,text,0.90,7,7,0,"",unknown,5,532
28222_2024하단100952 매각공고문 및 입찰서.pdf,False,text,0.90,5,5,0,"",unknown,5,730
28826_엔씨씨 - 차량운반구 매각공고문.pdf,False,mixed,0.70,13,5,8,"Hancom PDF 1.3.0.538",document_software,5,243
28682_창원지방법원 2023하단10964 부동산 매각공고 및 응찰서.pdf,False,text,0.90,8,8,0,"",unknown,5,704
28920_인천지방법원 2023하단102092 부동산 매각 공고등 신청서.pdf,False,text,0.90,6,6,0,"",unknown,5,549
28163_2024하단101797 부동산 매각공고.pdf,True,scanned,0.90,5,0,5,"",unknown,95,0
28713_창원지방법원 2023하단10983 부동산 매각공고 및 응찰서.pdf,False,text,0.90,4,4,0,"",unknown,5,522
28678_의정부지방법원 2024하단21768 1. 부동산 매각공고 및 입찰서.pdf,False,text,0.90,6,6,0,"",unknown,5,579
28213_8기 김재선 부동산매각공고(2차) 임야 공고용_compressed.pdf,False,mixed,0.70,26,5,21,"iLovePDF",other,20,157
28949_의정부지방법원 2025하합1032 유체동산(컴퓨터 및 에어컨 등) 매각 및 환가 포기 공고 .pdf,False,mixed,0.70,6,6,1,"",unknown,20,474
28749_창원지방법원 2023하단11330 부동산 매각공고 및 응찰서(1).pdf,False,text,0.90,4,4,0,"",unknown,5,524
28212_8기 김재선 부동산매각공고(2차) 대지 공고용_compressed.pdf,False,mixed,0.70,22,5,17,"iLovePDF",other,20,180
28788_대구지방법원 2024하단1159 자산(부동산)매각공고.pdf,False,text,0.90,5,5,0,"",unknown,5,572
28904_광주지방법원 2024하단5733 부동산매각공고.pdf,False,text,0.90,5,5,0,"Hancom PDF 1.3.0.538",document_software,5,628
28780_부동산매각공고.pdf,False,text,0.80,17,17,7,"itext-paulo-155 (itextpdf.sf.net-lowagie.com)",document_software,5,1048
28637_2024하단105554 부동산매각공고2.pdf,True,scanned,0.90,5,0,5,"DocuCentre-V C2265",other,95,0
28211_8기 김재선 부동산매각공고(2차) 답 공고용_compressed.pdf,False,mixed,0.70,29,5,24,"iLovePDF",other,20,152
28218_30기 송희영(부동산매각공고)-상속지분 매각(4차) 공고용_compressed.pdf,False,text,0.80,6,5,1,"iLovePDF",other,5,713
28963_대구지방법원 2024하단287 매각공고안.pdf,False,text,0.90,6,6,0,"",unknown,20,413
28620_2024하단10563 매각공고(연천군).pdf,False,text,0.90,5,5,0,"",unknown,5,563
28478_수원회생법원 2023하단12532 부동산매각에 관한 공고게재신청.pdf,False,text,0.90,4,4,0,"",unknown,5,577
28639_인천지방법원 2024하단101139 채권매각 공고등 신청서.pdf,False,text,0.90,6,6,0,"",unknown,5,599
28719_2025하합362 자산매각공고(비품).pdf,False,mixed,0.70,11,4,7,"Microsoft: Print To PDF",document_software,5,382
28947_의정부지방법원 2025하합1032 유체동산(차량용 키케이스) 매각 및 환가 포기 공고 .pdf,False,mixed,0.70,11,6,6,"",unknown,20,282
28730_파산재단 자산 매각공고-현이노베이션.pdf,False,mixed,0.70,18,8,11,"PDF 2020 11.0.0.2086",other,20,296
28528_2024하단104560 부동산 매각공고1.pdf,False,text,0.90,6,6,0,"",unknown,5,547
28809_2024하단106899 부동산 매각 공고.pdf,False,text,0.90,4,4,0,"",unknown,5,707
28210_8기 김재선 부동산매각공고(2차) 전 공고용_compressed.pdf,False,mixed,0.70,20,5,15,"iLovePDF",other,20,215
28670_인천지방법원 2024하단101774 부동산 매각 공고등 신청서.pdf,False,text,0.90,6,6,0,"",unknown,5,535
28903_인천지방법원 2024하합47 지식재산권(디자인권) 공개매각 및 환가포기 공고.pdf,False,text,0.90,5,5,0,"",unknown,5,890
28798_부산회생법원 2024하단100952 매각공고문 및 입찰서.pdf,False,text,0.90,5,5,0,"",unknown,5,730
28529_2024하단105768 부동산 매각공고1.pdf,False,text,0.90,6,6,0,"",unknown,5,539
28895_2025하합332 자산 매각공고 및 환가 포기 공고(비품).pdf,False,text,0.80,7,7,2,"Hancom PDF 1.3.0.538",document_software,5,522
28602_24-389 오상석 - 부동산 매각 및 환가 포기 공고문.pdf,False,text,0.80,5,5,1,"Microsoft: Print To PDF",document_software,5,714
28901_2022하단102715 자산(집합건물 지분) 매각공고.pdf,False,text,0.90,6,6,0,"",unknown,5,636
28799_부산회생법원 2024하단100951 매각공고문 및 입찰서(2) .pdf,False,text,0.90,5,5,0,"",unknown,5,707
28402_춘천지방법원 2024하단114 부동산매각에 관한 공고게재 촉탁신청.pdf,False,text,0.90,5,5,0,"",unknown,5,538
28909_2024하단106563 부동산 매각공고.pdf,False,text,0.80,30,30,4,"",unknown,5,979
28951_2024하단107434 부동산매각공고.pdf,False,mixed,0.70,6,6,6,"Microsoft: Print To PDF",document_software,5,282
28679_의정부지방법원 2024하단21768 1. 부동산 매각공고 및 입찰서.pdf,False,text,0.90,6,6,0,"",unknown,5,579
28569_매각공고.pdf,True,scanned,0.80,39,1,39,"itext-paulo-155 (itextpdf.sf.net-lowagie.com)",document_software,5,1
28964_부동산매각공고안(망 양혜경_선경오피스텔).pdf,False,text,0.90,6,6,0,"Hancom PDF 1.3.0.509",document_software,5,606
28760_매각공고문 및 입찰서(우리라이스).pdf,False,text,0.90,6,6,0,"Hancom PDF 1.3.0.546",document_software,5,621
28705_2009하합25호 자산포기안내서.pdf,True,scanned,0.90,2,0,2,"DocuCentre-V C2263",other,95,0
28978_광주지방법원2025하단5204 부동산매각공고.pdf,False,text,0.90,4,4,0,"Hancom PDF 1.3.0.538",document_software,5,823
28973_의정부지방법원 2024하단20942 매각포기공고.pdf,True,scanned,0.90,4,0,4,"",unknown,95,0
28660_부산회생법원 2025하단90 자산(부동산) 매각 공고 내역서.pdf,False,text,0.90,4,4,0,"",unknown,5,681
28816_대구지방법원 2024하단12574 매각공고문.pdf,False,mixed,0.70,14,7,7,"",unknown,20,280
